GROUP,PACKAGE,CLASS,INSTRUCTION_MISSED,INSTRUCTION_COVERED,BRANCH_MISSED,BRANCH_COVERED,LINE_MISSED,LINE_COVERED,COMPLEXITY_MISSED,COMPLEXITY_COVERED,METHOD_MISSED,METHOD_COVERED
PlanetsAndMoons,com.revature.models,User,24,41,4,4,9,15,6,7,2,7
PlanetsAndMoons,com.revature.models,UsernamePasswordAuthentication,24,50,11,7,10,16,10,6,1,6
PlanetsAndMoons,com.revature.models,Moon,16,44,4,4,5,16,5,8,1,8
PlanetsAndMoons,com.revature.models,Planet,6,54,3,5,3,18,3,10,0,9
PlanetsAndMoons,com.revature.utilities,PageProvider,22,0,0,0,5,0,2,0,2,0
PlanetsAndMoons,com.revature.utilities,ConnectionUtil,19,23,1,1,9,7,3,1,2,1
PlanetsAndMoons,com.revature.utilities,RequestMapper,234,0,2,0,35,0,23,0,22,0
PlanetsAndMoons,com.revature.repository,UserDao,6,99,1,3,3,28,1,4,0,3
PlanetsAndMoons,com.revature.repository,PlanetDao,31,288,5,17,9,81,5,12,0,6
PlanetsAndMoons,com.revature.repository,MoonDao,38,329,5,19,12,92,5,14,0,7
PlanetsAndMoons,com.revature,MainDriver,31,0,0,0,12,0,5,0,5,0
PlanetsAndMoons,com.revature.controller,MoonController,143,0,0,0,30,0,7,0,7,0
PlanetsAndMoons,com.revature.controller,PlanetController,126,0,0,0,27,0,6,0,6,0
PlanetsAndMoons,com.revature.controller,UserController,72,0,6,0,18,0,8,0,5,0
PlanetsAndMoons,com.revature.service,UserService,8,47,5,5,2,10,6,2,1,2
PlanetsAndMoons,com.revature.service,PlanetService,87,0,12,0,19,0,12,0,6,0
PlanetsAndMoons,com.revature.service,MoonService,96,0,12,0,22,0,14,0,8,0
PlanetsAndMoons,com.revature.exceptions,MoonFailException,4,0,0,0,2,0,1,0,1,0
PlanetsAndMoons,com.revature.exceptions,NotLoggedInException,24,0,0,0,10,0,5,0,5,0
PlanetsAndMoons,com.revature.exceptions,UserFailException,4,0,0,0,2,0,1,0,1,0
PlanetsAndMoons,com.revature.exceptions,PlanetFailException,4,0,0,0,2,0,1,0,1,0
